TW,,Taipei,True
AF,Afghanistan,Kabul,True
AL,Albania,Tirana,True
DZ,Algeria,Algiers,True
AS,American Samoa,Pago Pago,True
AD,Andorra,Andorra la Vella,True
AO,Angola,Luanda,True
AI,Anguilla,The Valley,True
AQ,Antarctica,,True
AG,Antigua and Barbuda,St. John's,True
AR,Argentina,Buenos Aires,True
AM,Armenia,Yerevan,True
AW,Aruba,Oranjestad,True
AU,Australia,Canberra,True
AT,Austria,Vienna,True
AZ,Azerbaijan,Baku,True
BS,Bahamas,Nassau,True
BH,Bahrain,Manama,True
BD,Bangladesh,Dhaka,True
BB,Barbados,Bridgetown,True
BY,Belarus,Minsk,True
BE,Belgium,Brussels,True
BZ,Belize,Belmopan,True
BJ,Benin,Porto-Novo,True
BM,Bermuda,Hamilton,True
BT,Bhutan,Thimphu,True
BO,Bolivia (Plurinational State of),Sucre,True
BQ,"Bonaire, Sint Eustatius and Saba",,True
BA,Bosnia and Herzegovina,Sarajevo,True
BW,Botswana,Gaborone,True
BV,Bouvet Island,,True
BR,Brazil,Brasilia,True
IO,British Indian Ocean Territory,Diego Garcia,True
VG,British Virgin Islands,Road Town,True
BN,Brunei Darussalam,Bandar Seri Begawan,True
BG,Bulgaria,Sofia,True
BF,Burkina Faso,Ouagadougou,True
BI,Burundi,Bujumbura,True
CV,Cabo Verde,Praia,True
KH,Cambodia,Phnom Penh,True
CM,Cameroon,Yaounde,True
CA,Canada,Ottawa,True
KY,Cayman Islands,George Town,True
CF,Central African Republic,Bangui,True
TD,Chad,N'Djamena,True
CL,Chile,Santiago,True
CN,China,Beijing,True
HK,"China, Hong Kong Special Administrative Region",Hong Kong,True
MO,"China, Macao Special Administrative Region",Macao,True
CX,Christmas Island,Flying Fish Cove,True
CC,Cocos (Keeling) Islands,West Island,True
CO,Colombia,Bogota,True
KM,Comoros,Moroni,True
CG,Congo,Brazzaville,True
CK,Cook Islands,Avarua,True
CR,Costa Rica,San Jose,True
HR,Croatia,Zagreb,True
CU,Cuba,Havana,True
CW,Curaçao, Willemstad,True
CY,Cyprus,Nicosia,True
CZ,Czechia,Prague,True
CI,Côte d'Ivoire,Yamoussoukro,True
KP,Democratic People's Republic of Korea,Pyongyang,True
CD,Democratic Republic of the Congo,Kinshasa,True
DK,Denmark,Copenhagen,True
DJ,Djibouti,Djibouti,True
DM,Dominica,Roseau,True
DO,Dominican Republic,Santo Domingo,True
EC,Ecuador,Quito,True
EG,Egypt,Cairo,True
SV,El Salvador,San Salvador,True
GQ,Equatorial Guinea,Malabo,True
ER,Eritrea,Asmara,True
EE,Estonia,Tallinn,True
SZ,Eswatini,Mbabane,True
ET,Ethiopia,Addis Ababa,True
FK,Falkland Islands (Malvinas),Stanley,True
FO,Faroe Islands,Torshavn,True
FJ,Fiji,Suva,True
FI,Finland,Helsinki,True
FR,France,Paris,True
GF,French Guiana,Cayenne,True
PF,French Polynesia,Papeete,True
TF,French Southern Territories,Port-aux-Francais,True
GA,Gabon,Libreville,True
GM,Gambia,Banjul,True
GE,Georgia,Tbilisi,True
DE,Germany,Berlin,True
GH,Ghana,Accra,True
GI,Gibraltar,Gibraltar,True
GR,Greece,Athens,True
GL,Greenland,Nuuk,True
GD,Grenada,St. George's,True
GP,Guadeloupe,Basse-Terre,True
GU,Guam,Hagatna,True
GT,Guatemala,Guatemala City,True
GG,Guernsey,St Peter Port,True
GN,Guinea,Conakry,True
GW,Guinea-Bissau,Bissau,True
GY,Guyana,Georgetown,True
HT,Haiti,Port-au-Prince,True
HM,Heard Island and McDonald Islands,,True
VA,Holy See,Vatican City,True
HN,Honduras,Tegucigalpa,True
HU,Hungary,Budapest,True
IS,Iceland,Reykjavik,True
IN,India,New Delhi,True
ID,Indonesia,Jakarta,True
IR,Iran (Islamic Republic of),Tehran,True
IQ,Iraq,Baghdad,True
IE,Ireland,Dublin,True
IM,Isle of Man,Douglas,True
IL,Israel,Jerusalem,True
IT,Italy,Rome,True
JM,Jamaica,Kingston,True
JP,Japan,Tokyo,True
JE,Jersey,Saint Helier,True
JO,Jordan,Amman,True
KZ,Kazakhstan,Astana,True
KE,Kenya,Nairobi,True
KI,Kiribati,Tarawa,True
KW,Kuwait,Kuwait City,True
KG,Kyrgyzstan,Bishkek,True
LA,Lao People's Democratic Republic,Vientiane,True
LV,Latvia,Riga,True
LB,Lebanon,Beirut,True
LS,Lesotho,Maseru,True
LR,Liberia,Monrovia,True
LY,Libya,Tripoli,True
LI,Liechtenstein,Vaduz,True
LT,Lithuania,Vilnius,True
LU,Luxembourg,Luxembourg,True
MG,Madagascar,Antananarivo,True
MW,Malawi,Lilongwe,True
MY,Malaysia,Kuala Lumpur,True
MV,Maldives,Male,True
ML,Mali,Bamako,True
MT,Malta,Valletta,True
MH,Marshall Islands,Majuro,True
MQ,Martinique,Fort-de-France,True
MR,Mauritania,Nouakchott,True
MU,Mauritius,Port Louis,True
YT,Mayotte,Mamoudzou,True
MX,Mexico,Mexico City,True
FM,Micronesia (Federated States of),Palikir,True
MC,Monaco,Monaco,True
MN,Mongolia,Ulan Bator,True
ME,Montenegro,Podgorica,True
MS,Montserrat,Plymouth,True
MA,Morocco,Rabat,True
MZ,Mozambique,Maputo,True
MM,Myanmar,Nay Pyi Taw,True
NA,Namibia,Windhoek,True
NR,Nauru,Yaren,True
NP,Nepal,Kathmandu,True
NL,Netherlands,Amsterdam,True
NC,New Caledonia,Noumea,True
NZ,New Zealand,Wellington,True
NI,Nicaragua,Managua,True
NE,Niger,Niamey,True
NG,Nigeria,Abuja,True
NU,Niue,Alofi,True
NF,Norfolk Island,Kingston,True
MP,Northern Mariana Islands,Saipan,True
NO,Norway,Oslo,True
OM,Oman,Muscat,True
PK,Pakistan,Islamabad,True
PW,Palau,Melekeok,True
PA,Panama,Panama City,True
PG,Papua New Guinea,Port Moresby,True
PY,Paraguay,Asuncion,True
PE,Peru,Lima,True
PH,Philippines,Manila,True
PN,Pitcairn,Adamstown,True
PL,Poland,Warsaw,True
PT,Portugal,Lisbon,True
PR,Puerto Rico,San Juan,True
QA,Qatar,Doha,True
KR,Republic of Korea,Seoul,True
MD,Republic of Moldova,Chisinau,True
RO,Romania,Bucharest,True
RU,Russian Federation,Moscow,True
RW,Rwanda,Kigali,True
RE,Réunion,Saint-Denis,True
BL,Saint Barthélemy,Gustavia,True
SH,Saint Helena,Jamestown,True
KN,Saint Kitts and Nevis,Basseterre,True
LC,Saint Lucia,Castries,True
MF,Saint Martin (French Part),Marigot,True
PM,Saint Pierre and Miquelon,Saint-Pierre,True
VC,Saint Vincent and the Grenadines,Kingstown,True
WS,Samoa,Apia,True
SM,San Marino,San Marino,True
ST,Sao Tome and Principe,Sao Tome,True
SA,Saudi Arabia,Riyadh,True
SN,Senegal,Dakar,True
RS,Serbia,Belgrade,True
SC,Seychelles,Victoria,True
SL,Sierra Leone,Freetown,True
SG,Singapore,Singapore,True
SX,Sint Maarten (Dutch part),Philipsburg,True
SK,Slovakia,Bratislava,True
SI,Slovenia,Ljubljana,True
SB,Solomon Islands,Honiara,True
SO,Somalia,Mogadishu,True
ZA,South Africa,Pretoria,True
GS,South Georgia and the South Sandwich Islands,Grytviken,True
SS,South Sudan,Juba,True
ES,Spain,Madrid,True
LK,Sri Lanka,Colombo,True
PS,State of Palestine,East Jerusalem,True
SD,Sudan,Khartoum,True
SR,Suriname,Paramaribo,True
SJ,Svalbard and Jan Mayen Islands,Longyearbyen,True
SE,Sweden,Stockholm,True
CH,Switzerland,Bern,True
SY,Syrian Arab Republic,Damascus,True
TJ,Tajikistan,Dushanbe,True
TH,Thailand,Bangkok,True
MK,The former Yugoslav Republic of Macedonia,Skopje,True
TL,Timor-Leste,Dili,True
TG,Togo,Lome,True
TK,Tokelau,,True
TO,Tonga,Nuku'alofa,True
TT,Trinidad and Tobago,Port of Spain,True
TN,Tunisia,Tunis,True
TR,Turkey,Ankara,True
TM,Turkmenistan,Ashgabat,True
TC,Turks and Caicos Islands,Cockburn Town,True
TV,Tuvalu,Funafuti,True
UG,Uganda,Kampala,True
UA,Ukraine,Kyiv,True
AE,United Arab Emirates,Abu Dhabi,True
GB,United Kingdom of Great Britain and Northern Ireland,London,True
TZ,United Republic of Tanzania,Dodoma,True
UM,United States Minor Outlying Islands,,True
VI,United States Virgin Islands,Charlotte Amalie,True
US,United States of America,Washington,True
UY,Uruguay,Montevideo,True
UZ,Uzbekistan,Tashkent,True
VU,Vanuatu,Port Vila,True
VE,Venezuela (Bolivarian Republic of),Caracas,True
VN,Viet Nam,Hanoi,True
WF,Wallis and Futuna Islands,Mata Utu,True
EH,Western Sahara,El-Aaiun,True
YE,Yemen,Sanaa,True
ZM,Zambia,Lusaka,True
ZW,Zimbabwe,Harare,True
AX,Åland Islands,Mariehamn,True
